2936436,downstream_gene_variant
2936463,downstream_gene_variant
2936475,downstream_gene_variant
2936493,downstream_gene_variant
2936499,downstream_gene_variant
2936500,downstream_gene_variant
2936501,downstream_gene_variant
2936505,downstream_gene_variant
2936521,downstream_gene_variant
2936523,downstream_gene_variant
2936532,downstream_gene_variant
2936535,downstream_gene_variant
2936541,downstream_gene_variant
2936556,downstream_gene_variant
2936559,downstream_gene_variant
2936562,downstream_gene_variant
2936568,downstream_gene_variant
2936580,downstream_gene_variant
2936586,downstream_gene_variant
2936596,downstream_gene_variant
2936598,downstream_gene_variant
2936601,downstream_gene_variant
2936616,downstream_gene_variant
2936622,downstream_gene_variant
2936633,downstream_gene_variant
2936634,downstream_gene_variant
2936646,downstream_gene_variant
2936650,downstream_gene_variant
2936651,downstream_gene_variant
2936654,downstream_gene_variant
2936657,downstream_gene_variant
2936658,downstream_gene_variant
2936673,downstream_gene_variant
2936678,downstream_gene_variant
2936679,downstream_gene_variant
2936685,downstream_gene_variant
2936948,downstream_gene_variant
2936950,downstream_gene_variant
2936963,downstream_gene_variant
2936964,downstream_gene_variant
2936970,downstream_gene_variant
2936994,downstream_gene_variant
2937012,downstream_gene_variant
2937024,downstream_gene_variant
2937042,downstream_gene_variant
2937045,downstream_gene_variant
2937051,downstream_gene_variant
2937054,downstream_gene_variant
2937066,downstream_gene_variant
2937075,downstream_gene_variant
2937081,downstream_gene_variant
2937084,downstream_gene_variant
2937093,downstream_gene_variant
2938708,downstream_gene_variant
2938712,downstream_gene_variant
2938714,downstream_gene_variant
2938723,downstream_gene_variant
2938765,downstream_gene_variant
2938768,downstream_gene_variant
2938771,downstream_gene_variant
2938784,downstream_gene_variant
2938792,downstream_gene_variant
2938814,downstream_gene_variant
2938831,downstream_gene_variant
2938852,downstream_gene_variant
2938873,downstream_gene_variant
2938876,downstream_gene_variant
2938897,downstream_gene_variant
2938917,downstream_gene_variant
2938918,downstream_gene_variant
2938930,downstream_gene_variant
2938978,downstream_gene_variant
2938996,downstream_gene_variant
2939029,downstream_gene_variant
2939038,downstream_gene_variant
2939044,downstream_gene_variant
2939050,downstream_gene_variant
2939110,downstream_gene_variant
2939143,downstream_gene_variant
2939146,downstream_gene_variant
2939155,downstream_gene_variant
2939194,downstream_gene_variant
2939200,downstream_gene_variant
2939203,downstream_gene_variant
2939227,downstream_gene_variant
2939233,downstream_gene_variant
2939234,downstream_gene_variant
2939251,downstream_gene_variant
2939269,downstream_gene_variant
2939278,downstream_gene_variant
2939290,downstream_gene_variant
2939329,downstream_gene_variant
2939332,downstream_gene_variant
2939341,downstream_gene_variant
2939371,downstream_gene_variant
2939377,downstream_gene_variant
2939380,downstream_gene_variant
2939392,downstream_gene_variant
2939407,downstream_gene_variant
2939410,downstream_gene_variant
2939419,downstream_gene_variant
2939422,downstream_gene_variant
2939427,downstream_gene_variant
2939431,downstream_gene_variant
2939434,downstream_gene_variant
2939437,downstream_gene_variant
2939491,downstream_gene_variant
2939509,downstream_gene_variant
2939512,downstream_gene_variant
2939524,downstream_gene_variant
2939527,downstream_gene_variant
2939539,downstream_gene_variant
2939560,downstream_gene_variant
2939566,downstream_gene_variant
2939569,downstream_gene_variant
2939581,downstream_gene_variant
2939596,downstream_gene_variant
2939623,downstream_gene_variant
2939625,downstream_gene_variant
2939626,downstream_gene_variant
2939646,downstream_gene_variant
2939662,downstream_gene_variant
2939668,downstream_gene_variant
2939698,downstream_gene_variant
2939704,downstream_gene_variant
2939719,downstream_gene_variant
2939725,downstream_gene_variant
2939740,downstream_gene_variant
2939749,downstream_gene_variant
2939755,downstream_gene_variant
2939761,downstream_gene_variant
2939767,downstream_gene_variant
2939768,downstream_gene_variant
2939797,downstream_gene_variant
2939803,downstream_gene_variant
2939812,downstream_gene_variant
2939815,downstream_gene_variant
2939833,downstream_gene_variant
2939836,downstream_gene_variant
2939845,downstream_gene_variant
2941358,downstream_gene_variant
2941367,downstream_gene_variant
2941381,downstream_gene_variant
2941382,downstream_gene_variant
2941386,downstream_gene_variant
2941389,downstream_gene_variant
2941391,downstream_gene_variant
2941398,downstream_gene_variant
2941413,downstream_gene_variant
2941421,downstream_gene_variant
2941447,synonymous_variant
2941455,missense_variant
2941465,synonymous_variant
2941468,synonymous_variant
2941478,missense_variant
2941486,missense_variant
2941498,synonymous_variant
2941499,missense_variant
2941503,missense_variant
2941510,missense_variant
2941511,missense_variant
2941515,missense_variant
2941523,missense_variant
2941524,missense_variant
2941528,synonymous_variant
2941531,synonymous_variant
2941533,missense_variant
2941534,synonymous_variant
2941535,missense_variant
2941536,missense_variant
2941540,synonymous_variant
2941542,missense_variant
2941548,missense_variant
2941552,synonymous_variant
2941553,missense_variant
2941554,missense_variant
2941555,synonymous_variant
2941561,synonymous_variant
2941567,synonymous_variant
2941568,missense_variant
2941576,synonymous_variant
2941582,synonymous_variant
2941598,missense_variant
2941600,synonymous_variant
2941601,missense_variant
2941606,synonymous_variant
2941612,synonymous_variant
2941614,missense_variant
2941615,synonymous_variant
2941621,missense_variant
2941627,synonymous_variant
2941632,synonymous_variant
2941639,synonymous_variant
2941642,missense_variant
2941645,synonymous_variant
2941654,synonymous_variant
2941663,synonymous_variant
2941686,missense_variant
2941693,synonymous_variant
2941723,synonymous_variant
2941750,synonymous_variant
2941768,synonymous_variant
2941786,synonymous_variant
2941792,synonymous_variant
2941794,missense_variant
2941804,synonymous_variant
2941815,synonymous_variant
2941816,synonymous_variant
2941825,synonymous_variant
2941842,missense_variant
2941858,synonymous_variant
2941865,missense_variant
2941869,missense_variant
2941873,synonymous_variant
2941876,synonymous_variant
2941895,missense_variant
2941897,synonymous_variant
2941913,missense_variant
2941921,synonymous_variant
2941933,synonymous_variant
2941938,missense_variant
2941939,synonymous_variant
2941948,missense_variant
2941952,missense_variant
2941954,synonymous_variant
2941957,synonymous_variant
2942650,synonymous_variant
2942659,synonymous_variant
2942661,missense_variant
2942662,synonymous_variant
2942668,synonymous_variant
2942677,synonymous_variant
2942686,synonymous_variant
2942689,missense_variant
2942690,missense_variant
2942691,missense_variant
2942692,missense_variant
2942695,synonymous_variant
2942704,synonymous_variant
2942707,synonymous_variant
2942709,missense_variant
2942713,synonymous_variant
2942719,synonymous_variant
2942722,synonymous_variant
2942731,synonymous_variant
2942740,synonymous_variant
2942742,synonymous_variant
2942745,missense_variant
2942746,synonymous_variant
2942749,synonymous_variant
2942755,synonymous_variant
2942757,missense_variant
2942758,synonymous_variant
2942761,synonymous_variant
2942764,synonymous_variant
2942767,synonymous_variant
2942769,missense_variant
2942770,synonymous_variant
2942776,synonymous_variant
2942788,synonymous_variant
2942800,synonymous_variant
2942803,synonymous_variant
2942806,synonymous_variant
2942807,missense_variant
2942815,synonymous_variant
2942817,missense_variant
2942821,synonymous_variant
2942836,synonymous_variant
2942839,synonymous_variant
2942842,synonymous_variant
2942848,synonymous_variant
2942849,missense_variant
2942850,missense_variant
2942851,synonymous_variant
2942854,synonymous_variant
2942857,synonymous_variant
2942860,missense_variant
2942862,missense_variant
2942863,synonymous_variant
2942865,missense_variant
2942867,missense_variant
2942871,missense_variant
2942884,synonymous_variant
2942899,synonymous_variant
2942905,synonymous_variant
2942908,synonymous_variant
2942932,synonymous_variant
2942968,synonymous_variant
2942977,synonymous_variant
2942979,missense_variant
2942984,missense_variant
2942991,missense_variant
2942992,synonymous_variant
2942994,missense_variant
2943015,missense_variant
2943017,missense_variant
2943018,missense_variant
2943019,synonymous_variant
2943027,missense_variant
2943033,missense_variant
2943034,synonymous_variant
2943037,synonymous_variant
2943040,synonymous_variant
2943053,missense_variant
2943054,missense_variant
2943058,synonymous_variant
2943061,synonymous_variant
2943064,synonymous_variant
2943078,missense_variant
2943085,synonymous_variant
2943097,synonymous_variant
2943100,synonymous_variant
2943106,synonymous_variant
2943112,synonymous_variant
2943116,missense_variant
2943131,missense_variant
2943133,synonymous_variant
2943135,missense_variant
2943136,synonymous_variant
2943141,missense_variant
2943152,missense_variant
2943153,missense_variant
2943166,synonymous_variant
2943175,synonymous_variant
2943184,synonymous_variant
2943196,synonymous_variant
2943205,synonymous_variant
2943211,missense_variant
2943220,synonymous_variant
2943229,synonymous_variant
2943270,missense_variant
2943278,missense_variant
2943280,synonymous_variant
2943282,missense_variant
2943283,synonymous_variant
2943289,synonymous_variant
2943292,synonymous_variant
2943301,synonymous_variant
2943302,stop_gained
2943303,missense_variant
2943305,missense_variant
2943307,synonymous_variant
2943309,synonymous_variant
2943311,missense_variant
2943312,missense_variant
2943313,missense_variant
2943319,synonymous_variant
2943322,synonymous_variant
2943331,synonymous_variant
2943333,missense_variant
2943337,synonymous_variant
2943341,missense_variant
2943351,missense_variant
2943367,synonymous_variant
2943376,synonymous_variant
2943403,synonymous_variant
2943415,synonymous_variant
2943418,synonymous_variant
2943464,missense_variant
2943506,upstream_gene_variant
2943518,upstream_gene_variant
